{
    "left": [
        0.39527052640914919,
        0.5524988770484924
    ],
    "right": [
        0.34795910120010378,
        0.2789478302001953
    ],
    "up": [
        0.416878879070282,
        -0.011034251190721989
    ],
    "down": [
        0.4373573064804077,
        -0.7325496077537537
    ]
}