{
    "left": [
        0.38959211111068728,
        0.46693044900894167
    ],
    "right": [
        0.5974418520927429,
        0.3905726969242096
    ],
    "up": [
        0.4886329770088196,
        0.34320324659347536
    ],
    "down": [
        0.4722258448600769,
        0.29953524470329287
    ]
}