{
    "left": [
        0.3933697044849396,
        0.511063814163208
    ],
    "right": [
        0.5571271181106567,
        0.43445464968681338
    ],
    "up": [
        0.49463632702827456,
        0.42000797390937807
    ],
    "down": [
        0.4800756275653839,
        0.37024590373039248
    ]
}