{
    "left": [
        0.46475884318351748,
        0.4041239321231842
    ],
    "right": [
        0.45752641558647158,
        0.4282630681991577
    ],
    "up": [
        0.3812091648578644,
        0.5943264365196228
    ],
    "down": [
        0.47731471061706545,
        0.494445264339447
    ]
}